d0,d1,d2,d3,d4
-1.5486898,-0.39533362,0.15213375,1.9769862,0.44941318
-0.16627298,0.19713382,0.5489828,-1.1314526,-0.5821895
0.40447694,-0.5150482,-0.41091564,-1.975738,0.38026947
-0.99042803,-0.9348268,0.32581902,0.05080715,0.83502257
0.27214795,-1.6344361,-1.1406585,1.364536,0.82599723
-0.6813883,-0.18504512,1.0726769,-0.749223,-0.48401806
-0.6114711,1.8292356,-0.43795756,-0.27042994,-0.6510393
-0.83541334,1.6574181,1.2027943,0.19798757,-0.46796304
0.05866145,-0.52668834,-2.9707363,0.36807573,-0.2253357
-0.84971285,0.7135832,-1.5117799,0.13811882,-0.295652
-0.7715225,1.3219805,0.8621621,1.378839,-0.04070612
0.33177653,-0.39577436,-0.54936236,0.6577657,-1.383328
0.6729413,-0.06117645,-1.0955882,-0.29360557,0.76136476
1.0561326,-0.6230307,-0.19740418,-0.92573136,-1.3418753
-1.2716488,0.49143845,0.7579173,1.6516358,0.24744976
0.33566338,0.16740961,0.073029846,0.87097037,0.36434668
0.4872771,0.17554042,1.6708187,1.384375,-1.8102818
-0.42315048,0.83036685,-0.38143495,0.8484925,0.7412117
-2.5387833,-0.110037856,-0.7212529,-1.3835921,-0.08581832
0.48223022,0.14008822,-0.7433937,-0.50037634,-0.042653114
-0.49764088,-0.0022336198,-0.99755836,-0.5940624,0.3460216
-0.22096433,0.6375174,-1.4110339,1.5021049,-0.64009804
0.344755,-0.031772655,-0.28776366,0.86953187,-1.035881
0.31344092,-0.7007979,-1.728245,0.2981557,0.58326733
0.753984,-0.41477102,-2.1908145,-0.6328042,0.4022279
0.6831228,-3.0302086,-1.1340029,1.106738,-1.0880262
1.2874526,-0.8079173,0.36005756,0.26546595,-1.5027329
-1.6321524,-0.7517574,1.275291,-0.70608366,-2.6672251
-0.9928591,-0.22631988,-0.45872504,-2.270265,0.19526204
-1.5192038,-1.050273,-2.9393914,1.116588,0.5567907
-1.201231,-0.08482157,1.1766759,0.13169582,0.2730487
0.6102369,0.95384306,-0.115535036,-0.71749157,-0.588192
-2.4016883,-0.04853727,-1.9060149,-1.350089,-0.17036459
1.369064,-1.9073565,-0.47877187,0.0054046377,-0.5664606
0.97899663,0.27607444,0.5934105,-0.090731345,-1.18838
-0.020926083,-0.6966168,-0.029255321,1.0713377,2.0109906
0.8938507,0.35658783,-0.43383685,1.7526084,-0.35375595
-1.8207283,1.5046057,-0.01004149,1.0023235,0.08222831
0.3109411,0.23000726,-0.9592283,-1.193872,-0.8822168
0.9302785,2.8524244,-1.4528958,-0.16757308,-0.6963208
0.9787524,-0.18166456,-0.54283756,-0.6248989,-0.7376256
0.62771654,0.3707588,2.1971285,-1.1356478,2.2323043
-1.4612186,0.42827943,-0.2037279,-0.79363203,0.42871743
0.6166515,0.15555342,0.2961431,0.67617416,-0.87543195
1.7839787,0.3398668,0.81407535,0.6314741,-0.6840783
-0.30276936,0.28420633,-0.88251466,-0.23050039,-1.0100021
-0.47077942,-2.032191,0.17021012,0.06607023,-1.1237704
0.12261039,0.5464364,1.196783,-0.32791245,1.6588074
2.0267038,-0.045715496,-0.12937064,1.7270811,0.5007462
1.1650652,0.33424744,-0.10317149,-2.4911304,0.76112276
0.820148,-1.5074874,-1.3451346,-0.90838987,-0.12182771
0.5109518,0.022012375,-0.26381642,0.48286194,-2.5374813
0.06567295,-0.029118972,1.0253996,1.4721713,-0.71935654
0.0013250129,2.1283915,1.5814952,-0.5637743,-0.33519322
-0.68492675,-1.8763907,0.52857274,-1.1116632,1.4906931
-0.56390876,0.8044107,-0.13736735,-0.716973,0.2633511
1.0620232,-0.94267297,0.74143153,-0.16523789,0.10206198
-0.740144,1.0720338,0.1218443,0.5999752,1.249272
0.8130718,-1.7461796,1.2898283,-0.47247583,-0.15646744
-0.4847062,2.2111535,1.1564028,0.33055243,-0.15287256
-0.18364991,-0.060744956,0.6909406,-0.028643236,-0.5136178
1.9923838,2.4912977,0.037656147,1.254917,0.20209084
1.1439936,-0.8383634,-0.07302151,0.37342307,0.0903791
-1.5046911,-0.4757807,2.0125642,0.628774,-0.2995173
1.0719997,0.5839174,0.07585669,-0.4557716,1.4544562
-0.6526982,-0.406321,0.93054956,0.92820114,0.7442713
-0.5903384,0.16773169,0.962725,-1.465371,0.8038733
0.80493766,-1.5526941,0.42203167,-1.4594202,0.92479366
-1.1260734,-0.02624726,0.3764753,-0.6878999,0.5515026
1.8457892,0.2766853,1.2018521,0.9526399,-0.008330437
0.28917444,0.9846501,0.19290692,-0.56005734,-1.9835714
0.6198567,0.07657992,-1.3054467,0.19322084,1.4935461
-0.30833092,0.14225176,0.35241312,-0.5701837,0.048547402
-1.0341268,-1.3494967,1.4718776,0.51836395,0.5999378
1.4207278,-1.3629881,-0.039519306,-0.51525635,0.68433976
2.5094016,-0.48169628,1.0189956,1.278093,0.42519283
-0.74764514,-1.4637173,-1.3902096,1.417833,-0.21192937
1.7845396,-0.56060743,-1.3368983,0.15581836,-0.9190382
-1.151063,2.214522,-0.7224152,-0.028573968,-0.5197214
-1.4393692,1.8997782,-0.30969337,-0.53593975,0.72409815
0.11371032,1.0073187,-0.32602194,-1.068189,-1.194774
0.6802438,0.3356163,-0.22835481,1.0770094,-2.5664766
0.7490736,0.35281405,-2.6633773,0.66515005,-0.22644371
1.050566,-0.6536487,0.57699543,-1.6620867,-0.9050926
-0.02032404,0.9920764,-1.9918661,0.61661637,-0.60855037
-0.029300835,2.4892857,1.5630248,-1.4170202,0.27088127
-1.7135516,-0.3260721,0.63871473,-0.6463509,-0.12552127
-0.10858219,0.4302017,-1.1919309,-1.6685361,0.21265896
0.035492353,0.65159684,0.032452133,-0.5689776,-1.4965266
1.0206734,-0.5194232,-0.5946351,0.50791156,-0.67318034
-1.3784558,0.75130844,0.28597045,1.0335149,-0.9419357
0.706276,0.5757325,1.839082,0.9597548,0.61715865
-0.0553853,-0.9330808,0.49575847,1.1396742,0.46632543
0.6576961,-0.34803212,1.2462549,0.789769,-0.084302306
0.5744418,1.1440276,-0.14745145,-1.5033023,-1.6484269
0.9011148,0.24932343,0.85117054,1.2878244,-1.0885792
-1.0611945,-0.35691568,0.56074756,1.3025577,1.6565388
0.017391864,-1.0478128,0.4692754,-0.88352257,-1.0939064
-2.4745574,-0.33113953,1.329911,-0.507681,0.279641
-0.8514442,-1.7626895,0.15101624,-0.75355273,-0.5786089
-0.02046841,0.43952784,1.489519,-1.931783,0.18015192
-0.6231822,1.0305578,0.7440009,0.009977607,0.9762468
0.79194576,0.8445037,0.2753694,0.042805005,0.36987692
-0.08105243,0.003006161,-0.895677,-0.35866976,0.3638453
0.23551986,1.0631493,0.3706979,0.6835973,-0.3578283
-1.3039746,0.720205,1.4010702,1.4406748,1.0062047
-0.7491647,0.98729765,-0.55183524,-0.6044097,-0.10098917
0.8582177,-0.17817944,1.532305,2.4304895,-0.37341464
0.45217907,-2.0333562,-2.414132,-0.47440302,-0.030370506
2.413489,0.22169383,0.004028573,0.2504261,-0.32681403
-0.22908758,1.420368,-0.7562054,0.984623,0.9868398
0.91767335,0.48789743,0.26421115,1.326042,0.53424823
-0.12832573,-0.27039045,0.5900718,0.9967576,0.46078
-0.64091265,1.127529,0.14952835,-1.521678,-0.7129341
-0.078848325,-0.3010351,-0.14989649,-0.8980801,-1.3549738
1.3109438,0.0008714977,0.62321466,-0.48029777,-0.6351377
-1.6564692,0.78976846,0.08597886,-1.1140853,1.0013721
-2.1019588,-0.2768568,-0.17953445,-1.1609737,-0.51002717
-1.597241,2.2002504,0.043629643,-0.9304011,0.45299187
-1.3168103,0.20359959,0.13822438,0.740698,-0.16564892
-0.37450454,0.53663397,1.2859216,-0.13389556,0.42838094
-0.95743227,0.7169955,0.96441585,-0.2620601,0.095237136
-1.799009,0.6168296,-0.07614521,-1.8775178,0.3222819
0.32547146,-0.03498535,0.6488715,-0.25821462,0.69384617
-0.045786105,0.6943582,1.4654005,-0.7506738,-0.57218915
-0.6154089,0.064717285,-1.7166922,0.34868935,1.861085
0.63779175,0.045277495,0.6361959,0.32577977,-0.028402364
1.584636,-1.2192783,1.4631374,-0.07346653,-0.7855627
-0.6115309,-2.425773,2.125,-0.46829116,1.4550335
0.6813175,0.76208186,0.24130979,0.7622403,0.70803416
0.0789872,-0.19983645,-0.5835423,1.1048644,-0.70322376
-1.7057619,2.1435356,-0.43617183,0.8607647,1.036287
1.3509777,2.105061,-1.1980226,-1.0634531,-1.3769705
0.65781194,0.4251153,1.2392436,-1.736491,1.3224307
0.029166281,-0.15701538,-0.54730874,-0.23866071,-0.37451428
0.20108633,-1.1667407,-0.33262748,-1.7063328,0.742211
0.13238093,0.20546155,0.08122756,0.09961275,-1.3466864
0.5700739,-1.5534917,1.5576766,0.27309436,-0.9008214
-0.6489168,2.1467896,-1.1701826,0.07255459,0.97824645
-1.2452942,-1.1459509,3.0640163,-0.25759426,-0.6695764
0.23230585,0.38045478,-1.2513305,-0.4650733,-0.46164927
-0.84128135,0.5428837,1.3224685,1.67824,0.7396603
-1.3939053,0.3781752,-0.48275962,-0.2109279,-0.3714768
0.6799402,-1.5436631,0.7801717,-0.10855835,-0.3121422
-0.29468527,-1.1138864,1.0780694,-0.91445327,-0.42185044
0.27941355,-1.6173003,0.15806277,0.023630641,0.19086199
-0.40898007,0.994808,-2.5621166,0.32628942,0.9455861
0.85594034,-0.43767747,-0.028523277,0.7208991,-0.09231315
0.7131456,0.4758339,0.2364034,-1.0600433,-0.6097206
-1.668625,0.27535495,1.6026525,-1.2152088,0.2387207
0.84330237,0.029931566,-0.20361875,1.1707274,-0.46982342
0.14634702,0.39306924,2.0071945,0.7551997,2.1801705
-1.1992656,0.16100387,1.3432322,0.6976219,0.26025152
-2.1542828,-0.52666146,0.62086433,1.0996557,1.8585792
0.101235785,-0.48921227,1.4294083,-1.4606637,1.9303131
0.33363882,0.4765262,0.590653,-0.639055,-1.4021013
1.7188134,-0.8879654,0.16778578,1.3408737,-0.4556035
1.6300575,-0.88045883,-1.1022323,-0.67439353,0.9724514
-1.3979605,1.3236774,-1.0870248,-0.56876117,0.51725245
-0.31079355,0.12187855,0.71509236,-1.0770802,-0.40582308
0.7714278,0.48295927,-0.679547,0.7300441,1.8982556
-0.32450724,0.55118805,-0.2582512,0.0012316036,0.47133005
-0.7267475,0.5148016,-1.7429956,0.7323911,-2.671701
0.42695776,-0.81955737,0.7397956,0.55968434,-0.22109947
0.8447341,-0.25635636,-1.225973,-0.6460308,-1.2465392
0.60826075,1.1106834,-0.4991004,0.79708403,-1.3686566
-1.5958366,-0.50093687,2.3024309,-0.78713644,0.35334077
-0.14279328,-2.0084577,-1.2600648,0.45965716,1.4099424
-0.57604533,0.072829306,-0.39534843,1.4205709,-2.0185623
-1.1674671,0.18295604,-0.30838883,0.28947335,0.47762194
0.7517163,0.00037737342,0.15860924,-1.5069476,-0.12950923
2.0675445,-0.21690385,-0.5702623,0.51115626,-0.80344087
-0.54381794,-1.299063,0.28082556,-1.5956306,-1.7182335
1.3986052,-0.5219303,1.0708907,0.64862,-1.7517638
-0.6225123,-0.61107,1.7937018,-1.3304938,1.7137182
-0.21598229,-1.2143643,-0.6403067,1.5032356,-0.82635707
0.2692022,-0.38336158,0.6547961,-1.0891896,0.5300036
-0.38727656,-0.92839193,-0.20771906,1.7857109,-0.03829487
1.6243671,-0.62748975,-1.5716977,0.6132889,0.4877407
-1.8950227,1.0110508,0.02550901,-0.6089789,0.040974937
-0.053422447,-2.8643537,0.36658812,0.21895595,0.37527865
-0.83709836,-0.45369267,1.9895843,-1.0414577,-0.80470467
0.0732982,-0.15181689,-1.2092191,-0.028652597,0.14119302
0.2890722,-1.8658044,-1.3059239,-0.98061055,0.305527
-0.5648375,1.1427189,0.15565126,0.4130131,-2.4211361
-0.74596626,-0.68151623,-1.3305033,-0.5006152,-1.5126128
1.4589299,-0.24342987,1.447498,-0.44774267,1.2895721
-2.6172574,-0.4735911,1.1909555,-0.21726827,0.81437325
0.54152286,-0.4742979,-0.56812215,-2.2584484,-1.5069876
0.00037255755,-0.7043547,-0.032195717,-0.66073024,1.8330971
-1.7757795,0.31765762,-0.9109592,-0.1124988,-0.62106365
-0.16150534,-0.4188238,0.5287554,-0.5444524,-0.28275198
-1.4733498,-2.1728525,0.23140284,-0.47170812,-0.6228688
-0.1284809,1.9893808,-1.2078669,-0.6089983,1.2797651
-0.24511594,0.681454,0.9873049,-0.039155256,-0.6218054
1.1655431,1.1211025,0.6393608,0.37590393,-1.5044562
0.47231784,1.1759516,-2.6041012,1.4371959,-1.446717
-0.7575558,-0.9018751,-0.38414592,0.6282832,-0.35192782
1.4500384,-1.6233056,-1.0745227,1.2827569,-0.29140916
-0.99497634,-0.8191142,-0.6429037,0.7975088,0.7349945
0.14134334,-1.224842,0.5775542,0.5265652,-0.94385535
-0.17545831,0.7117153,0.6170376,2.0900028,0.3944405
0.7544111,0.9883479,-0.4377837,0.42643797,-0.36400864
-0.32455254,1.5076228,-0.23624468,0.45528334,1.1402059
-0.6103758,0.18992862,-0.103615165,1.7495937,-0.6367231
2.9707565,-1.3446002,-0.7569388,0.63210076,2.0528066
0.8479378,0.3883931,0.22235514,-1.8027762,-0.5364048
-0.18925126,-1.191698,0.5810681,-0.7057143,-0.44173616
-1.7941215,0.51620555,0.48038337,-2.1469874,-1.7456625
1.5909002,0.8942177,-1.3295527,-0.78673774,-0.85442126
-1.3789786,-0.80572003,1.5156385,-0.49324712,-0.5935979
0.1669098,-1.0095154,-0.7902087,0.12101675,1.2009268
0.77622396,-0.51667637,0.06991906,-1.0750866,-1.2326621
-0.8189765,1.3136827,-0.9107703,0.18017392,-1.8224351
0.4637784,-0.06373773,-0.55824226,0.4487097,0.30802238
-1.3271749,-0.36185354,-0.047401033,0.7115404,1.1228129
-0.49078187,-1.4367484,-0.07457172,-0.66678894,0.98164415
1.1842169,1.613333,1.4544194,-1.8343921,-1.6709398
0.06813644,1.1029158,-0.20317791,0.75365955,0.26728222
0.933216,0.10100391,0.4011441,-0.19586849,1.5370646
-0.033554215,0.6106106,-0.57389516,0.43987468,0.33021188
0.0977915,-0.2219903,-0.20071414,-1.5693785,1.1464773
0.76488346,-0.56899744,-1.0753274,0.06360107,0.69281715
-1.0707119,-0.8508053,1.4888374,-0.5535462,-0.40082565
-0.42400625,1.5421575,-1.8113872,1.2169096,-0.1305543
0.5096623,-1.9991757,0.46423584,1.2497529,2.389965
-0.40055788,-1.4579446,-2.0056674,-0.67664313,-0.14365593
0.0833554,0.6109191,-1.4876735,-0.9047679,-0.86113274
-1.3537161,-0.34664664,-1.3950639,-0.9822989,0.8083168
-0.9175771,-1.2100418,0.96068007,0.23590876,-0.119698875
-1.0336406,0.41200995,0.63797665,0.57567245,-1.5991795
-0.32584423,-0.3421515,-0.9588802,-1.2732363,0.56616116
1.0785664,1.2959874,1.4999218,1.1974947,1.381338
0.82430625,0.3042557,0.7860115,-0.28071326,-1.885073
-0.24775036,-1.275681,0.23188378,0.6644299,0.04409729
-0.23212102,0.020938048,0.64603907,-0.14582193,-0.26881856
-1.405937,1.7928883,0.5453962,0.34244773,-1.164542
0.6221505,2.564565,0.50932324,-1.3164028,-0.8956363
-0.25850144,0.35245493,-0.2954999,0.31828713,-0.0051307622
-0.24239038,-1.1449683,-1.36693,0.471344,0.14649911
0.38481537,0.21089385,-1.4543792,0.6961018,-0.0877139
0.016396238,-0.5696944,-0.62081033,0.4552232,1.0919092
0.32882428,-2.5780902,-1.8966192,0.43475816,-0.931961
1.0287977,0.29516637,-1.7766742,1.1442411,0.5142373
2.6096306,1.7740527,-1.1374313,-0.48040903,0.8722671
-0.54416096,-0.8652917,-0.89784914,-0.4376921,-0.71844023
0.7822042,-0.32535505,0.84788316,0.48801675,0.2136016
-1.8344012,0.7163991,0.813541,0.32349977,-1.4016914
1.4457918,0.5445944,0.70960736,-0.85844344,0.006507442
0.34289145,-0.06610779,2.144999,0.5727876,-0.40263656
-0.9296739,-2.9024842,0.47567624,1.0225064,-0.27596083
0.31662807,0.11681828,-0.2451836,-0.55988383,1.090254
-1.0271682,-0.8025197,-0.74098176,-0.9240281,0.8634206
0.3116867,1.0192038,0.17777376,-0.03563099,-0.85234034
-0.76729995,-0.16103086,0.16815443,1.2864146,-0.15943177
0.24002676,-1.0698063,-1.591713,1.9425341,2.0836496
-0.07207276,-1.0289057,-0.3959411,-0.7406392,0.063828185
0.16325651,0.7321524,-0.13750558,0.022148928,0.6086202
-1.0931301,-0.41480273,-0.7429824,1.7596788,-0.48020598
0.963101,-0.9326696,1.0082061,1.8441876,1.0269514
-0.3901472,0.19749255,0.8427108,0.09944028,0.5596613
-2.2945733,0.0023144071,2.1454527,-0.82690614,-1.2745721
0.6467798,0.0017328543,0.28678077,1.49223,1.1551864
0.35597047,-0.22393352,-0.6638907,-1.0866859,-0.31655854
-0.74795,-0.125458,2.036272,2.5575364,1.7559249
-1.0268668,-0.45823476,-1.2358513,1.3395606,0.5027073
-0.5258935,-0.83263224,1.4926063,1.2453567,0.1629295
1.1602595,1.3221004,-0.20604968,-0.5366822,2.1469417
0.188908,1.0549482,1.813472,0.8740635,-0.9444527
-2.220375,-0.45776668,0.3173045,-1.7829381,-0.88493097
-0.50109965,-1.1934503,1.1730008,0.023571806,-0.33561322
0.9446895,-0.65290314,-0.932195,0.43659255,0.74292135
0.9101369,0.8932671,-0.81861156,-1.4262676,-0.16297269
-1.0197303,-1.4692262,0.038295295,1.3568497,-0.29679376
0.8854788,0.05470856,0.6174484,-0.71504897,-1.3571846
-0.31508863,-0.06806988,-0.89878213,1.539177,0.7486029
1.4441845,1.7472374,-0.870673,0.9491142,0.8506491
0.3067235,-0.44507095,1.3976294,0.15907691,0.39915472
-0.78406376,0.3150142,1.0333639,1.0368228,-1.2906628
-0.29606283,-0.11337498,-1.9996226,-0.07714067,-2.0141172
1.1079519,-0.6267354,0.7062553,0.9696146,-1.2870815
2.0489209,-0.4909552,0.29171354,0.6788152,0.7502796
-0.061545663,0.819712,1.6785002,-1.0793191,1.4864951
-0.6410262,0.70951277,-0.8428177,0.1779767,0.68587625
0.21902004,0.24247228,-1.690702,0.71374154,-0.39479148
1.472397,1.1630125,1.371394,-1.0710137,-2.48886
-0.44516358,-0.041241627,-1.8068777,-1.4802692,-0.7453894
-0.74603164,1.0773183,1.1412818,0.860038,-1.2202145
0.43364343,0.2696741,0.8055497,0.34733686,-0.920231
1.4929392,0.032901313,-0.5321067,-1.7634231,-0.33957887
-0.16832681,0.57854205,0.33320257,0.77913606,-1.0014261
-1.6808268,0.7802112,0.8176795,0.6533666,0.95532393
-1.2007723,-0.27603912,0.12716207,-1.1738796,0.88943356
-1.3369111,1.0376002,-1.7157204,-0.14317395,-0.24445884
-0.66475856,0.20567949,0.85621995,-0.6865348,-0.5544507
-2.1871746,0.57561415,-0.48562333,0.24120417,1.7901525
0.9598409,-0.88717645,0.05097012,-0.6733656,-1.5245028
-0.9284642,0.19820875,-0.8742014,-0.13243513,-0.0080864495
0.82052463,0.65380895,-0.84663016,-1.0775295,0.6532871
1.0984918,0.58122265,0.1653477,-1.7504034,-0.8562729
0.097450264,1.6966773,-0.2162449,-0.8179871,0.21397725
0.046960495,0.062756106,1.4107089,-0.58470595,0.08930059
-1.2555374,0.70981324,1.334234,-0.7219711,-0.031141825
-1.0629346,-0.5286507,-1.2286042,-0.55435574,0.047497984
-0.1584292,1.3518099,-0.9785789,0.52961046,0.71341676
0.069140114,0.9992682,0.81985,-1.9339838,0.9152676
0.7223014,0.5443482,0.9720495,-0.7181341,-2.1410186
-0.8698795,-0.45250666,-1.4693664,1.2844204,0.06507377
-1.8731267,1.4048494,-1.2635013,-1.039844,0.23714308
-0.58103484,-0.7791906,0.9323723,0.16111806,-2.2099237
1.2578123,1.6339666,-1.6537971,0.008712067,-1.9965419
-0.67259645,-1.0522937,0.58439845,-1.2245865,1.1413945
0.056987915,0.24352871,-1.7371235,1.217159,-0.3460683
1.3781477,0.106423914,0.38252255,-1.0680535,0.6553112
1.6157159,-0.3333567,-0.53101224,1.0241972,-0.90133816
0.83535576,-0.8591547,-0.34991992,-0.31301475,0.9138478
-0.18770571,0.052744724,0.5220592,-0.1269431,-1.0756755
-0.9124538,0.44094682,0.18116339,-1.0151076,1.0425073
0.06507867,0.756758,-0.6318758,1.5056875,-0.17286614
-0.25406918,-0.9665986,1.1546123,1.368167,0.6083767
0.7907756,0.5735183,0.42997387,0.53760475,-0.8777346
0.027818007,-0.9668851,-0.007985306,-0.08484637,-2.0353432
-1.6333057,0.23749268,-1.6791677,1.2433103,0.3972734
-0.82232845,-0.722586,-1.2248695,0.6724995,-0.38088864
-0.24428502,0.6137579,2.0152278,0.56525534,0.9951774
1.0818462,0.2955338,0.5006221,-0.94077617,-0.76927763
-0.10204584,0.57128686,-0.42621592,-0.5335734,0.13822238
0.52673745,0.60564494,-0.26939756,1.2793047,-0.41726258
-0.34277055,-0.8716047,-0.10554664,0.14985943,2.053017
-0.09338468,-0.5243949,1.510149,2.4228883,0.8227864
1.7800909,2.3708496,-0.31252378,0.046672694,0.3399402
0.9204632,0.08577041,-1.7954253,-0.1377714,-0.23356222
-0.46153942,1.989843,-0.89350075,0.6651275,-0.39632162
0.7608973,-1.5711713,0.06545902,0.67189234,-0.21015075
-0.55756,0.51774734,-2.9771338,0.1046909,-1.3420643
-0.67718834,0.3226537,0.21414977,-0.5330951,0.5407948
-0.33831757,-1.6107264,0.9281302,0.8250056,2.258194
0.6226485,-0.36593682,-0.93676853,-0.09584641,-0.6977879
1.1776806,0.5721495,-1.9934626,0.6870452,0.062080726
-0.24540561,1.0308474,-0.2479103,0.9311131,-0.105865486
-0.8496855,1.7587198,1.5272968,0.97977835,0.047600966
0.9033099,0.6681041,-0.7674778,0.42414045,0.004464359
2.172957,-0.3687145,-0.43793795,0.60065764,3.2457864
0.5637588,1.930878,-0.3331186,-0.7697875,0.11718685
-0.40305373,-2.1682668,-0.5255126,-1.3252743,1.092305
-0.8136315,-0.54238236,-0.5939453,1.2042601,-0.9182054
1.695415,-0.96701175,1.125087,-0.3181352,0.92114997
0.10696777,-0.88995004,-0.22005193,-1.0164068,-0.9108768
-0.24508919,-0.6381403,0.17649633,0.32858098,0.15864675
-0.062280476,-1.0562214,0.035031945,0.25582334,0.005664685
0.43370467,-0.36044648,0.44129598,0.3279188,1.3026325
-0.9746331,-0.79034513,-0.5909231,-1.0859983,0.8102039
-1.7100343,0.3179359,0.41412884,0.11375406,-0.6619701
1.2936444,-0.7505597,-1.6483102,0.26971906,1.2526745
1.2874266,1.2922666,-0.05655431,-0.37741682,-1.8911924
0.41996256,-0.18499388,-0.9989174,-0.7508906,0.1375166
-1.345666,1.0980443,-0.7125958,1.2027155,0.6707102
0.019324757,0.0639268,-0.26724228,-0.0033143165,1.3746097
-0.4231049,-2.3151789,0.99996483,0.8161624,0.20134479
-0.81783444,-1.634233,-0.9456628,-0.072079584,-1.1465819
-0.34363386,2.405472,-0.7409512,1.5175416,1.0889388
0.4544858,1.6738133,0.61990017,1.1396979,0.023331923
0.8574651,0.99346846,-0.69072956,1.5541759,1.5377854
-0.60253936,0.16397911,-0.04144232,1.6885333,-0.048080847
-1.1206812,-2.16628,-0.1560876,-0.83424014,-0.16834296
-0.30114886,0.84958243,-0.6045529,-0.15371639,-0.004753426
0.3886937,1.5391814,0.27778205,-0.0028399955,0.7960873
-0.34432337,0.1430204,0.3019472,0.25115874,0.5803787
0.28184816,-0.20901872,1.4666175,0.3973296,0.80116254
-0.3230284,-0.004771053,-0.6646994,-0.59812963,-0.5496857
0.030009631,0.85528314,0.7550306,1.7911954,0.08906187
-0.6362708,-0.5796981,0.67542434,-0.28246287,0.27360815
0.7408986,-0.5998529,0.52207726,-0.4045029,0.41762152
0.39722595,-0.81861556,-0.53067976,-0.40261495,1.4296278
-0.46062186,-0.5033895,-0.2697764,-1.6381236,-1.5346829
1.3375111,0.5621366,0.59059685,-3.1476123,-0.06724406
-0.51604843,0.7901255,0.024797395,-0.9069137,-1.7919186
0.69425577,-0.35900652,0.5969561,1.0983927,-1.1240729
0.6273824,1.4690945,-0.58749944,-0.69122785,-0.61092144
-0.082737796,1.4378023,-0.23504822,-0.3008411,-0.49128482
-1.1214268,1.0805982,-0.10018886,2.5191057,0.600257
-0.737209,-0.18358096,0.18737617,0.2744853,0.6172358
-0.4448119,-0.49009663,1.7594421,0.057159256,-0.2838874
-0.63925093,1.1464713,-0.7169337,-0.6804138,0.18575276
-0.22119804,-0.6802618,-1.5846503,-2.2897272,2.190066
0.5782451,-1.2346774,-1.9388996,1.0502275,-0.38992152
0.069136836,-0.11357881,-0.8845733,-0.17466481,0.21604903
1.4554005,0.45552248,-0.103776,-0.8171187,-0.059753172
1.3449239,-1.0969563,-1.2758597,0.22402567,-0.07409852
-0.79722536,0.9122083,-0.63931906,-1.3222891,0.30616456
-1.0275376,0.4763312,-0.649271,-0.22441722,0.18700987
0.64222485,-0.61331105,-0.27703956,1.2579733,0.79317075
0.1730033,1.1898731,0.2063611,-0.7884555,-0.36860806
0.30705696,1.5253633,-0.9906665,-0.7807052,1.1910568
0.88197285,0.23264273,-1.0340409,-0.77942365,0.49000758
0.8067631,-0.25852206,0.9807747,-1.212159,0.28070906
-0.7750223,-1.0920345,0.45300928,-0.99680203,0.18344395
0.3155216,0.7404419,0.028752247,-0.87502253,-0.50802106
-1.6514719,0.43057606,-0.41322505,-1.8861896,0.27813423
-1.4487188,-1.0360973,0.50027275,2.7687714,-0.68275297
0.44649905,0.6954284,-0.5152696,0.62202525,-0.40459487
-0.16587897,1.2674103,-0.20518881,-0.57262814,0.8431391
1.5809013,1.0789909,-1.7154708,-1.3378026,0.70912135
-0.36553258,-0.57831687,-1.6388832,0.27962455,-0.009829367
1.0630381,-0.89174205,-0.6019446,-0.5398555,-1.4600061
0.05219616,-1.280793,-0.7343497,1.2042,-1.6378242
-2.0179973,-0.7051636,-0.58549136,-1.4658581,-1.7923371
2.4305756,-0.21986876,-0.7411795,-0.7311807,1.7918599
-0.77881813,-2.110231,1.289589,-0.8591582,0.47821653
-0.5656437,0.60132056,-0.07920004,-0.5868126,1.0471073
1.2905946,-1.9280975,0.8783527,1.6355517,-1.1077489
1.1819649,-0.6563613,2.171265,0.8141553,-0.39862525
0.08537542,-0.57341534,-0.9625922,0.7907629,0.89197654
-0.5644209,-1.71286,-0.52963084,0.6746456,0.36009204
-1.4458611,-0.6006466,0.8246428,0.39887246,0.13424075
-0.8133709,-0.8529781,2.0062368,-0.79074305,-0.47916096
-1.5434566,-1.480476,1.4141376,0.10408073,-0.930396
0.7567264,0.032928247,-2.5786202,-0.06180262,-0.048326932
-0.2314334,-1.4656914,0.8799024,0.74755645,-0.67624193
-1.8912541,-0.7916347,-0.06871588,-0.105913505,-1.0118228
0.58576316,0.024669597,-0.37020156,0.35541478,-0.6506707
-1.2611278,0.816571,-1.2244935,0.7241027,-0.08524788
2.6561234,-1.2180947,0.71322674,-0.39018446,0.31568787
0.17232956,0.6223762,0.044842765,-0.94034225,1.247801
-1.4599569,0.11004713,2.1855023,0.5303905,-1.4655323
-0.042122,-1.1516203,0.90312463,-0.039302565,1.0895073
0.8524443,-0.10854851,0.5198468,0.9639103,0.79834354
0.3041125,-0.24572381,-0.3526175,-1.0370919,0.8643266
-0.8621778,-0.3413342,-1.0770171,0.22825441,0.60703903
1.3427668,0.71934086,-0.9029354,-0.9853251,-0.005227514
0.31837288,-0.13471906,1.5227853,1.2073002,-0.72711575
0.61429054,-0.20788884,-2.8948908,0.7038095,-1.2095498
-1.3164674,1.3127064,0.670365,-0.28138298,-0.11632113
-0.07143375,1.4601598,-0.24169323,0.4125982,-0.26972544
-0.82564884,0.5537086,-0.1337732,0.75014555,-1.5192691
0.29358923,0.45417315,0.3167627,0.38349915,1.1119587
0.1695051,-0.9432188,-1.5257323,-0.80873746,-0.020279469
0.3534854,-1.1794044,0.06030111,0.72537,-1.9442145
-0.3670677,0.17295,0.9215598,-1.6416897,-1.3767172
-0.60416263,-0.40659648,0.7053658,2.209679,-0.46088713
0.43073025,-1.4589556,0.76190126,0.053472936,-0.44524696
0.06269842,0.4643879,0.1738989,-0.59984577,0.7496993
0.20126486,0.8299728,-0.43641382,0.00037002028,-0.56400305
0.54449457,0.24651323,-1.3415978,-0.046744425,0.4340306
0.5637451,-0.7497294,-0.42090324,-1.6530477,0.9698977
-0.48785716,0.5316988,-0.23683167,0.06002164,-0.7233767
1.4035571,-1.6007864,-1.1291828,1.1900964,-0.63719964
1.4509196,0.84504396,-1.9323015,-0.32247135,-0.33790898
-0.10142518,0.7701155,0.13829356,2.5948815,0.38977972
0.993806,-0.12788615,0.25263026,-0.28313234,-0.5794898
-0.82320446,0.8403272,0.50856996,-0.2829238,1.1013684
-0.20374626,-0.56731355,0.43222016,-0.5294316,-0.5839613
0.58149785,-1.1927378,-1.2387054,0.16484419,-0.5454681
0.098653935,1.3278189,0.16269751,-0.17292218,-1.4471487
-0.5324661,-1.0862606,-1.3296598,1.0819187,-0.22165933
1.8541118,-0.49953553,0.85086125,2.3008578,0.2580539
-0.54354674,-0.55332214,1.1010814,0.7538842,2.442304
0.26699418,-0.2672558,1.0376337,1.1018418,0.116886966
1.4886231,-0.18232922,1.9716917,-1.0407076,-0.7842438
-0.5268068,0.91887426,-0.56196773,1.1917211,0.3921101
-1.4657022,-0.63468874,-0.93779784,-0.37182727,-0.7203628
-1.3205903,-0.6479033,0.07284042,-2.0166216,0.61887157
-0.9479456,-0.83779854,0.18549643,0.5571019,-1.0291339
-1.5452341,-2.2102199,0.49059287,0.81460965,-1.4324481
-0.47836775,0.28572226,-0.08947398,0.17850246,1.5887355
-0.33497465,0.36872822,1.7474833,-1.386651,1.1282662
0.35756648,-2.245038,-0.8489061,0.9198972,0.025251105
-0.38379005,1.3672861,0.65122795,0.35023394,0.89439857
1.3015426,1.1092526,-0.033876117,-1.3962945,-1.1286085
0.25977957,-0.28321353,-1.0292293,-0.95510995,1.3921787
-0.8422108,-0.06445583,0.57764655,-0.24122065,0.8988439
-1.2361932,-0.3578092,0.32157466,1.2217339,-0.508949
0.67141455,-0.701713,0.759828,-0.02652765,-0.517001
1.0523766,1.0346285,-1.2170779,0.007847084,-0.81352854
-1.3463479,-0.14407483,-1.635312,-0.376415,0.5831383
0.9137807,-1.8596883,0.22517498,-0.3995913,0.013453085
-1.6673496,-0.9116536,-0.13911328,-0.8242784,-0.28267196
0.12155202,2.6725304,-1.18719,-0.054538123,-0.37001094
2.0106406,0.68852437,-1.8634198,0.16721702,-0.24222247
-0.43928808,1.1684084,0.2458032,0.7375905,0.6043334
-1.1439276,-1.2134398,-0.51886994,0.33084527,-0.057336893
0.48873192,-0.08786829,-0.50104576,0.392836,-1.3946036
-0.14132756,2.3749747,0.7406765,-1.3078083,0.63361347
1.2896016,0.113173194,1.0933731,1.4388043,0.7222554
-0.52938336,1.6998867,1.9032992,0.25695115,-0.52790296
-0.9653699,0.7153101,0.11941196,2.7002826,0.9939389
-1.4016904,0.41502845,0.28596392,0.84748435,-0.659211
-0.039133273,-0.49066535,0.5603128,-0.9924557,0.3966078
0.80190164,1.1893395,0.8192951,-0.16222458,0.014410176
0.9186731,-0.5204103,-1.2452248,-0.71032375,0.659855
-1.8870587,-0.20873348,0.18181205,-0.6876091,1.257697
0.12598634,-0.56038266,-0.4531957,1.2480272,-1.7549402
-0.10783086,1.1467338,-1.2257191,0.28780437,0.19555728
-0.19991927,-0.229805,0.8865434,0.14320269,0.7092607
1.392965,0.42760664,-0.058330137,0.7171166,0.91295636
-1.0430034,-0.4049466,-1.6978707,1.4561447,-0.84891397
-0.77171683,-0.14398074,0.014625501,0.48781523,0.13135919
-0.08349412,2.5193756,-1.8711723,-1.6155212,1.526263
-1.6872642,-1.0918628,-1.7540851,-0.27035052,-0.17954251
-2.1029372,-0.92853296,-0.1298666,1.7380831,-2.604645
1.0063673,-0.95382017,-1.1450528,-2.6875656,0.5147181
2.0382738,0.14352371,0.4992533,1.9366887,-0.39997533
0.71914417,0.121036895,2.5121903,-1.254696,-0.533227
-1.744449,1.2338113,-1.5925734,-0.57301724,-0.23227194
-0.2156999,-0.31324315,-0.3906509,-1.127992,-0.5376771
-0.26218295,1.366521,-0.94811726,2.033523,1.2465217
0.87609845,0.69074076,-0.09375699,-1.5824347,-2.8548462
0.7787601,-1.5913057,0.88030076,-0.98995966,-1.102009
1.8886778,-0.63329905,-0.6571391,0.42489555,-0.0545103
0.9314283,-0.6836662,0.9956511,0.16939703,-0.3138201
-0.38232282,-0.39052102,-3.0541422,-1.3007282,1.1437432
-0.64118934,0.17435755,-2.0600877,-0.45903918,-0.2689543
0.78103495,-0.07657199,1.7037417,0.8422354,-0.59282655
1.05817,-1.1425464,-0.70629346,0.022292446,-0.85426086
-1.290212,-0.62967014,0.67725235,-0.94064903,-0.014902277
-0.009646072,1.4131429,-0.59838426,-0.64224356,-0.74979424
0.024953593,-0.049260292,-0.6040928,0.69362545,-1.2316397
-0.40365097,-0.8646231,3.5976548,-1.2838881,0.9675622
-0.71376735,-0.36295336,-1.8175446,1.3655399,0.66324437
-1.5111798,1.6729838,1.4520075,0.047950637,-0.2647575
0.60551834,0.47341937,0.546821,1.1791188,1.6144855
-0.2670563,-0.5723793,-0.17788617,0.28497958,-1.0391877
0.112814605,-0.008282944,0.2666825,-1.5317162,0.14060101
0.40474468,-2.2341738,0.26636255,-2.1485848,-0.3056272
-0.7082219,-0.6792796,1.1893702,-1.7173446,-0.77627695
1.1631739,-0.7974939,0.026960665,1.0771104,1.5365169
-1.2176737,1.1134862,-0.4416331,1.1685296,-0.62108314
-2.104581,1.0933172,-0.32950485,1.1946882,0.50255245
-0.85711527,0.96562684,0.3061957,-0.29585007,0.64625907
0.79758775,-1.5475416,-0.47573805,0.14702912,0.38373965
1.0748746,-0.43784973,-0.055465974,0.29436636,1.0263469
0.23473592,-0.89412326,0.078748636,-0.1944042,1.2409928
-0.49262217,-1.5120509,-1.7713857,-0.69736296,-0.27950737
-0.5422444,-0.79119116,-0.45787945,-0.15282151,0.11036434
0.46697187,1.2087662,-1.6304233,-2.5265958,0.22997338
0.9291407,-0.067443475,1.8203994,0.27382937,-0.32517892
0.2625525,-0.16693635,0.25064638,-0.7483016,-1.6476332
-1.2924244,-0.11532693,-0.5132773,1.197557,1.5404125
0.94882184,0.45736167,-0.4723604,1.0930237,-1.2871721
1.2850646,-1.2969352,-0.40262225,-0.66768986,-1.5619313
-0.9353365,-0.515467,0.7993405,1.6302278,0.5990131
-0.73395866,-0.8211212,-1.3997282,1.2156905,0.22844946
-0.365494,-0.28793514,0.703033,-0.031310283,1.1690874
1.0827304,-0.081817605,0.18414819,-0.02932855,0.5744959
1.822815,1.2261164,-0.5673254,0.22323409,1.1013908
-2.290979,2.8447478,0.7753524,-1.7655767,1.2705104
-0.59614,-0.4685513,1.4774723,0.56975144,-0.27917412
-0.09532748,-2.0392072,-0.6022069,0.5255667,-0.60540545
1.5783325,-0.15626971,-0.10678681,-0.77006763,-1.8153055
0.07634262,-0.28738615,-1.2184378,1.0291213,-0.6168339
-1.5681094,1.1838928,-0.1287293,-1.2466158,-0.21585505
1.0461174,0.07373781,-0.8369639,1.1562375,0.20998079
1.0722796,0.24819098,-0.077718295,1.3290607,-0.47113645
0.7058352,0.5173263,-0.008424428,1.2065645,0.14407963
-1.1602415,-0.78873587,0.9615102,0.60345113,-0.2217877
-0.7003091,-1.4880195,-0.5573262,-1.7517991,-1.8179848
0.94767183,0.43884653,0.71734774,-0.7178038,0.50888634
0.054465525,-1.0722855,1.138526,-0.52646536,1.2872776
0.09407112,-0.55877364,1.3615109,-0.86032295,0.89833045
-0.71017593,1.737259,-0.8114158,-0.8225212,-0.1322
-1.0208371,0.4201872,1.0911402,-0.087079875,-1.2367116
-0.32665136,-0.041767493,-0.5846394,0.29496077,-0.52613467
-1.2097961,-1.5148566,0.021931738,1.0619607,-0.082638495
-2.237628,-1.7407899,-0.64321077,-0.26828602,0.1484452
-0.97239214,-0.87664455,-0.23101787,0.01575796,-0.6451883
0.39943016,-0.8880262,-0.38765103,-0.37325326,0.1581408
-0.13774177,-0.69169956,-0.06338477,0.6729126,0.33221942
0.9251981,0.39518216,0.07625101,-0.07363906,-0.3039649
1.5268967,0.6070502,-0.20645821,0.18182272,0.8972976
0.39113405,0.364367,-0.54820937,0.18626139,1.1044868
-2.159202,-0.2194502,-0.21072921,0.11669472,0.20609286
0.6866347,-0.9003903,1.5968205,1.0826366,0.35747936
0.17741601,-0.5291329,2.4235032,-0.45041162,0.25801158
0.70179707,-1.1313837,0.4837199,0.8663562,2.3273423
0.86398673,0.03033284,0.04623645,1.0188336,0.7218519
-0.33251375,2.0512686,-0.19380422,-0.542475,1.4763075
-0.7314614,0.7249361,-0.17973344,-1.1638417,1.565126
0.50064194,-0.6335301,0.4101788,0.7364237,-0.4002092
-0.23375964,0.24111292,-0.4026062,1.400156,-0.06479555
0.67718244,0.124556914,0.21029507,-0.48871857,-0.9038647
-0.15380111,1.2319336,1.1437615,2.4028382,-0.38123438
-0.3511525,1.8576502,-1.5903627,0.5092917,1.6919088
-0.47792462,-0.9485767,-0.9715475,-0.2627038,-0.3510849
0.7950352,0.34497178,-0.40409333,1.9570256,0.6045353
0.12968092,1.058278,0.09470878,-1.9946034,-0.7862938
0.736132,-0.9444883,-1.3305633,-0.5454282,-0.670644
-0.68406117,-1.2046931,0.079165116,-1.0742813,-0.7056288
-0.7898995,0.63924736,0.8917271,-0.7562343,-0.77264863
-0.9988602,0.3255715,0.8962659,-0.67833227,0.2636487
-0.49616182,-1.1740806,0.7525032,0.4620431,-0.18211712
-0.62552845,0.5490624,1.6268706,0.008804098,2.0577967
-1.5563966,-0.4864903,-1.0730385,-0.5382655,-0.21066715
0.9582176,0.3973435,0.37036777,-0.08869909,-0.27144822
-1.4989089,-0.48329407,0.7886968,0.35612926,-0.53468984
0.48370513,-0.54558456,-0.3601588,0.46714404,0.30046588
-0.16131507,2.7617488,-0.39754596,-0.92618823,-0.18324083
-1.3271595,1.0439948,-0.052359432,0.17931782,0.41365054
-0.6472495,-2.2098908,-0.26517755,-0.14198619,-0.6850997
-0.24930882,0.08484511,-0.5983266,-1.0754846,-0.69070077
-0.7135959,0.32578653,-1.443722,0.7878472,-0.070007816
0.37274683,2.15187,2.1261125,-0.15607144,0.15448903
-1.0672123,-2.4114103,-0.64722013,0.26377475,0.3211401
0.82376564,1.1774677,-1.8383619,0.2959691,-1.3257005
0.4620551,1.5615554,0.5068975,1.5151293,-0.49704647
-0.17449744,0.090056576,0.9320158,0.08819616,-0.41873512
0.56056166,0.553166,-0.5574522,-0.58019084,-0.9502758
0.4448853,1.858303,1.3289626,-0.8463392,-0.81570023
-2.6152074,-0.5592552,0.17794125,0.9617414,-0.7046964
1.9761078,-1.2731632,2.4306092,-1.384428,-1.0305845
-0.3131852,-0.58237875,-0.1554526,-0.0013565402,0.2864673
1.9676766,-0.10589807,-0.76964855,0.124678575,0.4090645
-0.73114216,0.24548858,1.0285572,1.9593309,0.27841228
0.34047648,0.60587007,-0.8662635,0.26840118,0.26002896
1.6713291,1.1070074,-1.1677597,0.36502457,-0.88395905
1.5563297,0.5280812,0.5075986,-0.93753034,0.8337466
2.134754,-0.9705686,-0.609946,-0.5909661,-0.27342772
0.785067,-0.5898283,-0.012578855,-0.68232846,-0.9593965
-1.4504685,0.83323145,0.79519457,-0.10565757,0.94155335
0.16921979,0.41368732,-0.7713028,0.52567446,0.6754327
-0.7881784,-0.07029731,1.26493,0.22653832,-1.0495158
0.028913528,1.223032,-0.769802,0.1798082,0.3050083
-2.2273567,-1.0947728,2.532248,-0.5794402,-0.12958625
-0.06665741,-2.010599,0.723246,1.723944,-2.117342
-0.97188556,-0.15910235,0.6423068,-1.0371222,-0.42036584
-1.6270642,0.37518272,-0.4259822,-2.1978877,-0.60324115
-0.12751704,-1.2040043,-1.052268,-0.1535968,0.5971302
2.6355774,1.0015626,1.4815806,0.38340425,-0.10036427
-0.3903287,1.3092449,0.50901884,-0.38607803,1.3007644
1.4559788,-1.1759614,0.4332123,0.38915423,-0.59789836
0.14809231,1.2101691,-0.87835675,-0.9767483,-0.595052
0.8441806,-0.7556207,-0.41820443,-1.3950624,2.663877
-0.94388705,1.7225904,0.15531892,-0.79430985,-0.2250328
0.55038565,-0.5976647,-0.4081757,-0.94233227,-0.54579586
1.0661768,0.4973454,-2.395238,1.0495399,-1.818342
1.4526441,-1.0112965,-0.7018229,-1.3477014,0.38021785
0.29292285,-1.110101,-1.3037746,0.83192223,-1.0794724
-0.43378624,1.3703096,-0.08465108,0.9174224,1.0191181
-0.5090344,1.5472499,-0.9877115,1.2902617,-0.93818784
0.76814747,-1.1522462,-1.1888415,-1.3323966,-0.67903537
-0.61212635,0.7038951,0.37079448,-0.9921351,-0.39056993
-0.08637846,-0.24439763,0.66288346,-2.0577757,-0.937466
0.48224995,1.5219986,-0.46123666,-0.16277316,-0.49482414
0.41143957,-0.096754804,0.98088235,0.6642134,-0.3210313
-1.2040147,0.7059248,0.059039604,0.966814,-1.2115582
-0.8879221,0.9259911,1.2350812,-0.32641536,0.13011353
0.19620137,-0.016369656,1.0811766,-0.048319925,-0.3048372
-1.8848102,-0.26443744,-1.7213565,0.82907754,-1.087375
-0.3443003,0.3785271,-0.37028924,1.3989768,-1.2365333
-1.7050991,-1.0255543,-0.22302832,-0.32417968,-0.13134232
1.1712315,1.1666656,0.1063831,0.5359047,0.6938491
0.84948653,-0.70471185,1.1394279,1.7019038,0.5919193
0.26217288,-0.120301954,1.792492,0.062603034,-1.2923717
2.1303704,-0.2534452,0.059966944,-0.38623244,0.92506
0.003687611,-0.59116167,-0.81870246,1.7395722,-0.7744186
0.8983914,0.7487115,-0.9536642,0.7129436,0.25282404
0.44335493,-0.17725565,-2.286845,-0.83773935,-1.0227542
-1.3614458,1.6603829,-1.5669394,-0.44586673,-0.13593686
0.6399507,0.6241432,2.0067973,0.10434719,-0.30467397
1.42629,0.9512964,0.9867624,-1.0347222,0.2657661
-0.3731846,-0.7558149,0.003861713,-0.18295845,-1.2004874
0.55379784,0.4146467,0.40598378,-0.37081292,-0.30788216
0.68927,0.1806964,-0.034865018,0.36241138,0.7011811
-2.1231742,-1.9923767,-0.82857066,0.4267566,-0.5589105
0.54250103,-1.4228666,-0.720279,1.0887928,1.0882562
-0.055721078,-2.1331825,0.26541528,1.6519349,-1.2257675
2.0771513,-0.06166022,-1.1745789,0.46698695,0.72817427
-0.7568803,0.48947254,-0.40899184,-1.4555646,-1.0035325
-0.58695436,0.9431718,0.7683919,0.4198034,0.8814461
-2.1878774,-0.75779873,-0.2621445,0.54420114,0.26701114
-0.98595923,-1.2238244,1.0978308,-0.7999593,0.19456604
0.35159594,-1.1473818,-0.44784635,0.68167895,-0.7420586
0.4720246,-1.0768434,1.0343276,-0.40405864,0.20270151
0.9995226,-0.87067336,-1.4298209,-0.6901441,0.6351689
-0.30853516,0.677687,-0.18528439,1.0934999,0.92128426
0.89617455,0.039416913,-1.0742687,1.4617738,0.72219163
-1.137687,0.45632654,1.0826654,0.25657833,0.028401628
0.64019734,-0.55403894,-1.4753827,0.9126323,0.29900625
-0.04599274,-0.26209065,0.059473027,1.2609544,1.7160501
0.7121562,-0.2847224,2.498373,0.33683,0.85965353
1.9585881,-0.34599662,-0.2862793,-0.25383145,-1.2359535
1.702656,-1.607508,0.8110848,-1.1030132,-0.20497118
-1.2694439,-0.49372134,-0.23350565,0.16491899,-0.045240294
0.8597712,0.7734623,1.2809597,0.29103732,-1.056444
0.97313607,-0.38063943,0.04736421,1.5228177,-0.66439795
-0.5022834,0.7554801,-1.7761871,1.3035458,0.7590329
-0.18336768,-0.87063336,0.11956501,-0.9438371,-0.1243267
0.26954964,-1.575849,0.34294307,-0.6055905,-0.86212
-0.18156576,-0.06458336,-1.508897,-1.3188049,-1.4573394
0.9228133,-1.425803,0.43029824,-1.9273597,-0.9619618
-1.4438356,0.9433084,-1.2879983,-1.7302274,-1.7238066
1.4347239,0.73892045,-1.8846307,0.54598415,0.58661497
0.27247116,0.46836486,-1.245582,-0.31987825,1.4902703
-1.6713274,0.7602363,-0.4564076,-1.1400443,1.141797
1.1098235,-0.25811508,-2.92703,-0.99367523,1.6350448
-0.4360752,-1.1126583,-0.28119797,-0.52095985,2.1963089
-1.4443911,-0.56610966,-1.0006558,-0.12031233,-0.7628728
0.08572301,0.73546976,0.11589042,0.058956653,-0.89811105
-1.5205142,-1.0989797,-0.1809937,-0.18348065,-0.47645816
-1.0078031,-1.9742503,-0.017500157,-1.3412328,0.746165
-1.0118892,-1.1628107,1.9069413,-0.8328685,0.24946553
1.5044302,1.0650896,0.9392423,-0.99818027,0.11439443
0.33718148,0.67096794,0.7565071,-0.937684,1.8341407
-0.63030845,0.9472838,0.38614377,0.9156676,-1.1848533
-0.41331246,-0.4593833,-2.145197,0.61024725,1.2132381
-1.4896946,0.55746675,0.096249215,1.2323005,-0.4349436
0.76503795,-0.321533,0.037935574,0.27373126,0.32134038
-0.9354193,1.0345538,0.2970487,0.0326653,0.43468213
-1.1323779,0.5839142,-0.9114061,-1.3117412,-1.2010728
-0.928032,-1.4538369,0.09005587,0.2082855,0.4806614
-0.9198996,0.9377417,-1.1602001,0.6890001,-1.2056566
-0.79548645,-0.8929411,0.04206696,1.8730497,-1.0078782
-0.122847885,1.0940502,-0.73215795,0.92113525,-1.092623
-2.0963194,-0.0041250912,-0.62729305,0.3185027,1.2985063
-0.56882143,1.0216515,0.28814712,0.621086,0.09928593
1.5583254,-0.441649,1.4671035,0.6478922,-1.3275254
0.5222073,0.119475,-1.408866,-0.07081071,-0.93604773
-0.29466292,0.14587449,0.29829174,0.8110747,0.67997986
1.0708919,0.003879037,-0.97456944,1.0291675,0.2759992
-0.51052016,0.8025805,1.6441743,-1.5644892,-1.0105422
-0.13199633,-0.8363983,-1.3476249,-2.1517513,0.17719534
1.6847167,0.6046283,1.1324074,0.34866896,1.2969108
2.5056953,2.0338156,0.32191288,1.1407188,-0.0153461415
0.58567655,1.7742845,-1.6881223,-0.37890756,-0.68243474
-0.12155935,-1.4164035,1.4131584,-0.004428853,1.1540781
-0.24816039,-0.13469754,0.83680564,0.21207495,1.2232709
0.33027565,-0.90217835,0.3195118,1.0671718,-0.25450432
0.5208623,-0.59652984,0.57106787,-1.4160695,-1.3960847
0.4349502,-0.48684266,-1.5273509,-1.5381583,-0.5471609
1.5664251,0.4175414,1.69613,0.116156936,1.6952575
-1.0366884,0.4565432,0.8418687,-0.16182183,0.7875259
1.1807247,1.3017299,-0.53560054,0.1419336,-0.36597502
-0.46613872,-1.1388526,2.2835433,-1.4674356,0.5239049
-1.5534176,-0.85144854,-0.51960003,0.9889989,-1.4104444
0.28880167,0.8240809,1.7932767,0.8791401,-1.6467124
-0.09250461,-1.2179097,-1.0478134,-0.27569026,1.2401305
0.698279,0.33306772,-0.09765126,0.8321616,0.63948107
-0.30082086,-0.42788252,-0.103173375,1.4837295,0.044685394
2.3662486,-0.9676868,1.0165645,-0.68447596,-0.019392094
-0.59963286,1.4381465,0.6934688,-0.7997419,0.100111365
-1.1681018,0.8487906,-1.1959752,-0.087355234,-0.7811706
1.9984413,-0.7046533,-0.5554284,0.14555442,-0.022065705
0.3823639,0.5119307,-0.46505728,0.555508,0.92305696
-0.50247705,-2.1957076,1.2671689,-1.6132343,-0.6142835
-2.1648245,0.18248267,-0.792428,0.7024747,-1.8739237
-0.2471238,-1.606399,1.6265124,-0.7350642,2.476298
-0.0966188,0.44392073,-0.08337657,-0.24496391,-0.55371904
0.73668087,-0.4848909,-0.17593712,-0.69139236,-1.9427608
-0.7729666,0.23962986,0.9938644,-1.0231228,-0.9123299
0.6935193,-0.728032,-0.49981898,0.828681,-0.2614791
-0.9227079,0.7446612,1.1535311,-0.39425,0.7444111
1.8917878,-0.30697292,1.6126299,0.23282146,-1.0294968
1.755349,0.17913198,0.20281604,0.73995095,1.2407203
0.4336532,-0.9985596,-1.4108711,1.1924726,-0.7013026
0.3022048,0.70181704,1.1892644,0.6751786,1.0671349
0.7042774,-1.1236027,-0.08377321,0.767492,-1.2791834
-0.044417553,2.0734224,-2.4528365,-1.535827,1.4038922
0.40949506,0.6429741,0.7752349,-0.69982177,-0.8879379
-0.6787696,-1.5808883,1.0775295,-0.34195516,0.5095171
0.49119532,1.2304039,2.0945933,2.075018,-1.0220422
0.9687383,-0.05427295,-0.9425478,0.21985449,-1.2628483
-0.8494767,0.8007076,0.97417396,-0.19618168,0.2455916
-0.80101734,0.7790754,-1.2726793,-0.87588125,0.42418036
-0.21821944,-0.8852956,1.0331717,0.7404235,-1.5516708
0.7538891,-0.51433104,0.586637,0.9110705,-1.2779154
-1.6462038,-0.18906139,0.8003093,0.07415125,0.10137071
-1.0332665,-0.41851366,1.2711308,1.4618438,-1.1570414
0.73091525,0.4291888,-1.4901171,-2.415247,2.124062
0.039188735,-0.08013179,-0.5448527,-0.31604496,-0.07636599
-0.07091355,-0.5143569,-1.2246375,-0.71392816,-0.38476458
0.40968326,-0.98302746,-0.24671921,0.8720997,0.5269438
0.40072984,-1.8479748,1.7223175,-1.2345355,0.6691818
0.46786433,2.8651571,0.7324025,-1.4550883,-2.0156505
1.651316,-1.4836981,0.82136285,1.089402,-0.8958281
0.043919716,-2.1466029,-1.3646243,-0.073828265,-1.4089334
-0.16700386,0.53001636,-2.6131425,2.4629085,-0.0035215872
1.4481314,-0.95983666,0.51610476,-0.7674835,-0.653111
-2.3379023,0.13085042,-0.2759373,-0.85239834,-0.3185321
0.7783503,0.32585537,-1.2636186,-0.20067683,0.9476609
0.093746245,1.1653299,0.71507365,0.32235998,0.03198788
1.0655963,0.63390744,-0.83201015,1.1217469,-0.29238254
-0.10739102,-1.0380658,0.91132534,-0.25060755,0.72951794
1.3883407,-1.4504868,-0.7118941,0.13376506,-0.75869536
1.9449105,0.65416634,0.93936515,-0.40949187,-1.0134486
-1.3496755,0.28977016,-0.9297893,0.53458774,0.97560465
-1.360226,0.18794546,0.20407534,-0.26745823,-1.5052696
-0.44010043,-2.3220928,-0.18775262,-0.18313095,1.0302551
-2.5803266,-0.48143113,0.9690935,-0.5547248,0.057004686
0.4260492,-1.8809447,-1.2033949,-2.4517713,-0.9206929
-0.6743505,1.9591733,-0.24476048,0.72111994,0.30201104
-1.6502972,-0.37804574,-1.2325957,2.5039845,-1.3890239
1.3619318,-0.53848606,1.4847866,1.045472,0.094969444
-0.3798473,1.1220523,0.022727424,0.18923259,0.4591587
0.15375255,-0.12619655,-0.18550406,0.98661464,0.85584307
0.20027299,-0.024688907,0.18975997,0.62421954,-1.4073197
-0.011922554,0.27848977,0.38250196,0.15675019,0.06622619
-1.9508607,-0.08552242,-1.1371144,1.8933346,0.6967483
-0.37699574,0.81647,-0.47413793,1.7867185,1.1161686
0.92343104,-1.691061,-0.2803588,0.4339637,0.8978002
-0.50193036,0.7321279,0.63001835,-1.7338636,0.042182878
2.3149521,-0.38501573,-0.29903835,-1.6614858,1.8955723
1.9645035,1.4342293,0.2808972,-1.8892404,0.34609747
1.4788191,0.12514292,-0.47680303,-0.2879796,0.4384929
1.2181271,0.02295758,-1.662794,-0.24134351,0.3903285
0.12845805,-0.25332308,-1.2470807,-1.823475,-0.580098
1.4041272,0.4820359,1.7853683,-0.4892386,-0.62489086
0.78063965,-0.12769228,-0.8087026,-0.07623404,-0.29701066
0.96287096,-0.5310504,-0.22148407,1.1431148,-0.21015556
0.23909633,-0.621955,-0.87010264,-0.8742221,-0.8302989
-0.13325852,0.18483183,-0.66086245,-0.06984942,-1.4035623
0.95504946,0.060436852,1.0230055,0.9737852,-0.28166908
-0.18143399,-0.70554185,-0.885211,-0.7582634,0.60534066
-0.76865953,-0.32274026,0.50526303,1.0202819,0.14634316
-1.0823762,1.6683962,-1.9303942,1.1634316,0.9894508
-0.014685487,1.1118298,1.109751,1.3564459,-0.46877745
-0.7541949,0.59300214,-0.853056,0.9687163,1.1072373
0.5709132,-1.3605869,0.7187833,-0.48068818,1.637894
1.2447557,-0.15111585,-0.7048992,-1.265423,-0.32697597
-1.1236262,0.73879224,-0.57379043,1.7950981,0.045254976
-0.42509034,0.053682838,0.47125828,1.4047903,0.38401932
0.10832083,-0.84346825,-0.2467526,-0.46959823,0.81420636
-0.16694142,0.1242441,1.2971774,0.49960306,0.5679541
1.3660719,-0.69218177,0.9248701,-0.120441064,-1.982344
0.3127776,-0.27572012,-1.489699,0.12909882,1.1699677
-0.44209245,-0.39090088,0.16770014,0.15607232,1.3715057
1.0382987,0.7581103,0.90533614,-1.2104658,0.41288862
-0.17374943,-0.52738386,0.87976056,0.9524191,0.6900752
0.5999684,0.47431406,0.20030212,-1.4844898,0.019360922
0.43151715,0.98568594,0.05970041,-0.050999377,2.1513526
-0.42108783,-0.555272,-1.032214,0.83276314,-1.2308943
-0.16610397,-0.555586,0.6435942,1.3345484,-0.27685985
1.1009523,0.941285,-0.1512002,0.81807935,-0.71889544
0.065396175,1.3727148,1.4468226,0.82420385,0.864578
0.4848657,-0.49655524,0.19687158,-0.50277203,0.56764644
0.82105196,0.15260166,0.6069641,0.52265817,-0.46610472
-0.48285866,-1.0373034,-1.8360718,-1.3226029,-0.09643536
1.2912476,0.52629197,-1.0376403,0.008871302,0.23352069
-0.18236624,0.50673634,0.6764432,-1.3492421,-1.6499382
0.43970206,1.220011,-0.23365934,-1.3714744,0.17963105
0.23363435,0.4812371,-0.26485127,0.096442364,1.1583947
-1.2649258,0.64941007,-0.9442139,-0.92323697,0.2799796
2.1050096,-0.5688754,-0.46498355,-0.022363225,-0.6674212
0.26811802,0.31664494,0.2327111,0.58812445,-0.74979025
0.51882106,-1.3898636,-1.0566994,-0.7297062,-0.975494
-0.007142974,-0.35589138,-0.6348586,-0.7134078,0.5632097
1.1077218,-2.4901896,0.44168425,-0.4016177,0.512527
1.1872685,-1.0754442,-0.64395607,0.10435689,-2.3174539
-0.39562163,-1.0293562,-0.35169634,0.07647292,-0.06645643
-0.43566075,-0.81233424,0.41131777,-1.1563253,0.46176612
0.8890347,-0.7747237,0.5664841,-1.732085,-0.8926236
-0.026235344,-0.20896323,-1.0124016,1.917115,0.018727668
0.7269275,0.9846469,0.37723517,-1.037335,-1.1805563
-1.0556935,0.8202436,0.9155297,0.07394757,1.4698352
0.21056777,-0.54089147,-0.58480334,0.5076664,0.8236272
-0.41008303,0.11686341,-0.76027805,-0.32230306,-1.7728144
2.060092,-0.2836045,-0.96851015,0.123369135,-0.03918366
0.020984007,-1.5597891,1.0457647,1.9708278,0.07743513
0.88128024,0.2533732,0.056965247,0.02326207,0.12880069
2.3378937,-0.2693058,-1.3280298,-1.1009758,1.2186388
0.5320356,-1.0350448,0.32324153,-0.71973497,-0.07534556
0.38901344,-0.13357921,1.5754943,0.014886743,-1.2035477
-0.9499055,-0.7968022,1.1240155,-1.9352975,0.44085708
-0.18196233,-0.019839859,0.7431594,0.1282518,1.6448474
0.46735474,-0.18679242,1.5554953,0.8900302,-0.6372572
0.52687174,1.1951206,0.37288842,-0.09083909,-0.6494426
0.9176633,-0.635866,-1.9536735,-1.9853321,0.84254384
-0.532699,0.46750006,-1.1856372,1.5010763,-2.4282978
-0.40958148,0.20722936,-0.68061954,-0.30660293,-1.6348325
-0.1663869,-0.40669197,-1.1577827,-0.9175107,0.4935381
0.6476836,-0.79129106,0.93460524,-0.5284558,0.10492435
0.88709795,-0.34995052,1.2658613,-0.50848573,-0.17421687
0.19663559,0.093561895,0.15246734,0.5498038,-0.11503776
1.1076416,0.09059925,-1.004654,0.8149874,-0.2274996
0.30919844,0.114326775,-1.4488233,0.1097885,1.610841
0.032924064,-0.57682955,1.1371586,-0.06257665,0.71680045
-0.5984832,2.491219,0.43136504,1.0247614,-1.9547776
0.27086338,0.1081504,-0.45213905,-0.69376403,-0.45624527
-1.7477808,0.3191619,0.18971221,-1.2005782,-1.7595326
-0.32147267,-1.270697,-1.6520729,0.3571608,1.5153763
1.3004634,0.15977435,-0.5022114,0.25902566,1.752192
-1.1172017,0.42657283,1.0045513,-0.8382347,0.09567058
0.04616106,0.8206999,1.3690934,0.53118426,-0.68183464
1.2232282,0.70480156,0.9785082,-0.74118096,2.6218526
-2.286688,-0.42850953,-0.58508855,0.55413574,0.05179715
0.45372158,1.5316371,0.19821008,1.2143782,2.3832636
0.36919236,2.313111,-0.06936871,1.150939,-0.353317
-0.31448418,0.00026287045,1.6548572,-1.0404365,-0.7431726
0.41484898,1.0450188,-0.7269439,-0.34867463,0.61135244
0.2553873,-0.27038398,-0.60461015,-0.97255343,0.8420935
-0.112788804,0.84576875,0.46710548,0.31474313,-1.3706931
0.5386807,0.29507685,-1.6564208,-0.2769898,-1.1297836
0.008445379,0.10527748,-0.39749178,-2.121413,-1.2877823
-1.2993519,0.663521,1.5186208,0.5679875,0.21557412
-0.94699496,1.8269192,-0.3912155,0.21294074,-2.0566213
-0.53411555,0.8844498,0.59956175,1.3181493,-0.3758788
-1.7584946,-0.88719887,-0.2354861,1.1369417,0.150737
1.0656928,1.1026181,1.633602,-1.1843106,-2.277254
0.6745962,0.71261287,-0.08377019,-0.5811602,-2.7451088
1.342318,-0.45485738,-0.5889252,0.3350267,-0.66713405
-0.23782617,0.27473807,2.5841546,0.18359643,1.6612451
0.10263284,-0.28576526,-0.82493067,-0.09386101,-1.7802421
1.2399819,-0.20705819,-0.9805064,0.47384104,0.13997234
0.0986596,-0.54701805,-0.92436355,0.1372223,-0.570059
0.7114449,-0.7734449,-0.80500203,-0.1236344,0.07239264
-0.38374734,0.6498979,-0.121226445,1.1009513,-0.1590606
-0.89916486,0.35590643,-1.0516915,0.67611784,-0.3014736
-0.66928035,0.7048008,-0.25791913,-0.14085649,0.3011861
0.23797473,0.0980351,-1.0459666,0.46315238,0.3913259
1.954092,-0.32216325,-1.0519251,0.48821557,-0.876285
-0.114103235,1.7589856,-0.5449153,-0.56432766,0.08801383
-1.7080942,-0.72782487,-1.5742961,-0.1738461,0.84247375
0.23742092,-0.6290462,-0.6015702,0.19070832,-0.72700894
-2.2375793,0.7610743,0.96319133,0.5769667,1.4763423
0.85650903,-1.4356096,1.0447828,1.633187,-0.32970354
0.47359905,-0.33965918,0.8404439,-1.3829743,-1.112401
0.15986887,-0.048918396,-1.0211456,0.51877,0.17263767
1.6869488,-1.0382603,1.0964842,-2.1690614,0.15105379
0.6512138,-0.0011727843,-0.96050346,1.2796259,0.59723794
0.023917885,0.34689987,0.128322,-1.0339231,0.68389064
-1.5865974,0.94751847,0.112960674,0.17589839,0.17950413
-2.0157406,0.3127121,0.16352549,0.22845201,-0.19832972
-1.1428663,0.17243992,0.48123282,0.08291516,1.228445
-0.331129,1.0424712,0.5318337,0.65586895,0.9379686
-1.5933663,-0.42260256,2.014721,0.057012845,0.49194354
-1.1737732,-0.08369566,1.5756742,-0.6330614,-0.4070784
0.29067102,0.49208978,-0.980575,0.5105078,0.7484861
0.19700168,-1.7530237,-0.3331679,-0.8592169,0.10308729
-0.48416486,0.94037896,0.07595324,-1.6791842,0.2385077
2.0669768,0.8776756,1.470415,-1.1818613,-0.92227656
-0.24262905,0.08164107,0.39384007,0.43350875,-0.23462383
0.19950402,-1.2886561,0.26458588,-0.7564511,0.78067875
-0.7435512,0.42226204,1.8072236,-0.3798276,-0.14278664
-0.86537355,-1.7123426,-0.30573696,-0.67928016,0.9598653
0.75954276,2.0996535,0.037466116,2.965893,0.9691815
-1.2619694,-0.18398799,1.1809705,0.17088196,2.1797743
-0.25171354,-0.28484154,-0.96935886,1.3495797,-0.56215006
1.636239,-0.6551384,-1.2910225,1.3804532,-0.083812244
-0.35598123,-0.7962381,-1.655912,-0.43187895,0.3194776
-0.02705818,-0.5001673,0.21346986,-1.0949091,0.8857847
0.15327746,-1.3621663,0.27114788,-1.5306249,0.31825647
-0.011086531,0.53098404,-0.5930185,-1.6198646,0.56052697
2.1917343,-0.44592294,-0.93292147,-0.74597937,-1.8942037
-0.43729284,-1.1000528,0.33806324,-0.30723745,0.74907637
0.6335516,-0.36566427,-0.27307746,0.1981049,-0.9647882
-0.15309827,0.9533227,-1.8015203,1.9889973,0.5345197
0.94116473,0.25504693,-1.0472784,-0.62795246,0.7423921
0.15274255,0.04761016,-1.0031852,-0.38714707,1.5583401
0.0029430198,0.22648737,-1.6733245,0.44372582,-0.21679892
2.2082248,-1.3782921,0.23824835,1.4116803,-0.19907533
0.31516773,0.097584665,0.30950388,0.79691094,-1.2456938
-0.91647166,0.507155,-0.936612,0.3685143,-0.9781515
0.6494706,0.29051885,-0.43783158,-1.4204966,-0.0411172
-0.7420321,-2.8347526,-1.7519121,-1.5844735,0.095882565
-0.82926744,0.24715418,0.17998874,0.56465966,-0.2792817
0.88593256,-0.076346725,2.1676,-0.14015679,-1.206689
0.42866367,2.0709057,1.2743645,-0.5871838,0.9373502
1.811781,1.3073949,0.4937442,-0.58559144,-1.3946012
1.0412977,0.569387,-1.0814888,0.2111766,1.4345685
-1.8535239,0.025462452,-0.44116125,1.1553487,0.90315837
-1.2337042,-0.86976004,-1.5019176,-0.55594397,-0.47111094
1.1235083,1.0085473,0.30926186,-1.0054585,1.7401003
0.46406043,1.0674425,-1.1079054,0.54042965,-0.5339246
-1.0036718,0.8904477,0.61780983,1.5186557,0.47855395
0.81791973,0.71833235,-0.691388,0.05580372,2.113504
0.5390767,1.1727732,-2.0169215,-1.1699489,0.66334707
-0.56012,-0.5745469,1.2891328,-0.63619125,0.026323749
-0.62797475,-0.18564476,-0.57646006,1.3047686,-1.8158563
0.16680323,-0.28103042,-0.19873308,-0.82550246,0.32466203
-0.13461198,1.1684856,-0.5972192,1.0028561,0.34546497
0.5558344,-0.045646407,-0.5425619,0.71595085,-0.8010176
-0.18161875,-0.53315187,-2.0661538,-0.20521986,0.17702849
-2.0627513,-1.0791967,1.9314398,-0.09155366,0.829809
0.31998104,1.3393947,-1.7130454,-0.737492,1.0013658
-0.08354336,-0.99154854,-0.37206626,-0.37255195,-0.5380927
-0.044476636,-1.3164302,-0.6388518,1.4025371,-0.7513826
-0.6460244,1.0334896,0.64955896,0.81475323,-0.87549525
-0.46305025,-0.9188211,0.69730335,-0.1922009,-0.47223788
1.1199915,1.289159,0.63578695,-1.3390005,0.053043623
0.35399175,-1.8532225,-0.7843499,-0.6731632,1.3046473
-0.24493559,1.319903,0.42825782,-0.18018095,-0.07277146
-0.6996778,0.08121203,1.5538114,0.73840636,-0.40791634
-1.7319282,0.016500482,0.7199026,-0.5358055,1.1467063
-1.8076242,0.9254742,-0.5051161,0.54979223,0.7514109
2.1712513,-0.6808055,-0.94683605,-0.31869972,0.32123765
-0.014840443,-0.5601796,0.4163695,0.9129205,0.74777323
-1.4175956,-0.14533678,1.2455391,0.8650864,-1.2852582
-0.663491,-0.90067333,0.22810027,-0.72868705,-1.325498
0.2634768,-0.3256704,-0.3738797,0.38246703,0.019426737
-0.794484,-0.86111945,-0.4683449,1.066958,0.9016874
0.84178454,0.015724054,0.99482834,0.05357951,-0.403351
-1.4205259,0.261177,0.29587513,-1.3774453,0.5692805
-0.3695351,0.47945338,-0.4952895,0.21514533,1.0335565
-0.5134435,-0.75884527,-0.20369387,-0.18866158,-0.04322343
-1.3021529,-0.89614314,-2.0980992,-0.45290083,0.08747407
-1.5689489,0.086178176,-0.015727337,1.4224694,0.16386484
0.6706299,0.9712899,1.1698049,-0.47432926,-0.48077378
0.9167857,1.355287,0.95617336,0.8342254,-1.7630901
-1.4473339,0.44826263,0.70495814,-1.3974262,0.8863277
0.81393665,0.48873731,0.78668016,-0.49708217,1.5539505
-1.4253088,0.33959487,0.8424643,-0.7618486,1.1461142
-1.0117556,0.20259167,1.3325528,1.3413013,-0.3127082
